KU002,123456798874,YOYO,bob,kkkkkkkkk,0876543129,Other,American Samoa,JOP,125/4
KU002,54564489489,ggg,gfhfgh,hfghgh,4546545151,Male,Libya,hookopk,123/78
KU002,123456798874,YOYO,bob,kkkkkkkkk,0876543129,Other,American Samoa,JOP,125/4
KU002,54564489489,tthtyhty,gfhfgh,hfghgh,4546545151,Male,Libya,hookopk,123/78
KU002,123456798874,YOYO,bob,kkkkkkkkk,0876543129,Other,American Samoa,JOP,125/4
KU002,54564489489,tthtyhty,gfhfgh,hfghgh,4546545151,Male,Libya,hookopk,123/78
KU002,123456798874,YOYO,bob,kkkkkkkkk,0876543129,Other,American Samoa,JOP,125/4
KU002,54564489489,tthtyhty,gfhfgh,hfghgh,4546545151,Male,Libya,hookopk,123/78
KU002,5465456488,poramaporn,dechpichai,dfdfdkgo,559598598,Other,Christmas Island,fdgdfgf,147/4
KU002,123456798874,YOYO,bob,kkkkkkkkk,0876543129,Other,American Samoa,JOP,125/4
KU002,54564489489,tthtyhty,gfhfgh,hfghgh,4546545151,Male,Libya,hookopk,123/78
KU002,123456798874,YOYO,bob,kkkkkkkkk,0876543129,Other,American Samoa,JOP,125/4
KU002,54564489489,tthtyhty,gfhfgh,hfghgh,4546545151,Male,Libya,hookopk,123/78
KU002,123456798874,YOYO,bob,kkkkkkkkk,0876543129,Other,American Samoa,JOP,125/4
KU002,54564489489,tthtyhty,gfhfgh,hfghgh,4546545151,Male,Libya,hookopk,123/78
KU002,123456798874,YOYO,bob,kkkkkkkkk,0876543129,Other,American Samoa,JOP,125/4
KU002,54564489489,tthtyhty,gfhfgh,hfghgh,4546545151,Male,Libya,hookopk,123/78
KU002,5465456488,poramaporn,dechpichai,dfdfdkgo,559598598,Other,Christmas Island,fdgdfgf,147/4
KU001,987654321,Hello,Hi,gggggg,0987654321,Other,Japan,KOKO,123/4
KU001,987654321,Hello,Hi,gggggg,0987654321,Other,Japan,KOKO,123/4
KU001,987654321,Hello,Hi,gggggg,0987654321,Other,Japan,KOKO,123/4
KU001,987654321,Hello,Hi,gggggg,0987654321,Other,Japan,KOKO,123/4
KU001,56545456465465,gfhgfh,gfdfgfh,fdgnhg,226+229598,Other,Antigua and Barbuda,dfbgfngf,545/5
KU001,987654321,Hello,Hi,gggggg,0987654321,Other,Japan,KOKO,123/4
KU001,987654321,Hello,Hi,gggggg,0987654321,Other,Japan,KOKO,123/4
KU001,987654321,Hello,Hi,gggggg,0987654321,Other,Japan,KOKO,123/4
KU001,987654321,Hello,Hi,gggggg,0987654321,Other,Japan,KOKO,123/4
KU001,56545456465465,gfhgfh,gfdfgfh,fdgnhg,226+229598,Other,Antigua and Barbuda,dfbgfngf,545/5
KU001,987654321,Hello,Hi,gggggg,0987654321,Other,Japan,KOKO,123/4
KU001,987654321,Hello,Hi,gggggg,0987654321,Other,Japan,KOKO,123/4
KU001,987654321,Hello,Hi,gggggg,0987654321,Other,Japan,KOKO,123/4
KU001,987654321,Hello,Hi,gggggg,0987654321,Other,Japan,KOKO,123/4
KU001,56545456465465,gfhgfh,gfdfgfh,fdgnhg,226+229598,Other,Antigua and Barbuda,dfbgfngf,545/5
KU001,987654321,Hello,Hi,gggggg,0987654321,Other,Japan,KOKO,123/4
KU001,987654321,Hello,Hi,gggggg,0987654321,Other,Japan,KOKO,123/4
KU001,987654321,Hello,Hi,gggggg,0987654321,Other,Japan,KOKO,123/4
KU001,987654321,Hello,Hi,gggggg,0987654321,Other,Japan,KOKO,123/4
KU001,56545456465465,gfhgfh,gfdfgfh,fdgnhg,226+229598,Other,Antigua and Barbuda,dfbgfngf,545/5
